[1,["79HbNuHGhAWpcmW3FWsxup"],0,[["sp.SkeletonData",["_name","_atlasText","textureNames","_skeletonJson","textures"],-1,3]],[[0,0,1,2,3,4,5]],[[0,"EffectLogo","\nEffectLogo.png\nsize: 777,775\nformat: RGBA8888\nfilter: Linear,Linear\nrepeat: none\n1\n  rotate: false\n  xy: 2, 15\n  size: 430, 309\n  orig: 430, 309\n  offset: 0, 0\n  index: -1\n2\n  rotate: true\n  xy: 466, 343\n  size: 430, 309\n  orig: 430, 309\n  offset: 0, 0\n  index: -1\nBlur\n  rotate: true\n  xy: 434, 146\n  size: 178, 134\n  orig: 178, 134\n  offset: 0, 0\n  index: -1\nLight\n  rotate: false\n  xy: 434, 24\n  size: 131, 120\n  orig: 131, 120\n  offset: 0, 0\n  index: -1\nefWin\n  rotate: false\n  xy: 2, 326\n  size: 462, 447\n  orig: 462, 447\n  offset: 0, 0\n  index: -1\n",["EffectLogo.png"],{"skeleton":{"hash":"AyWi4pivKb8xR3EOWJxFzP14t74","spine":"3.7.93","width":475.42,"height":447,"images":"","audio":""},"bones":[{"name":"root"},{"name":"bone","parent":"root"},{"name":"bone2","parent":"root"},{"name":"bone3","parent":"root"},{"name":"bone4","parent":"root"},{"name":"bone5","parent":"root","x":-85.21,"y":45.95},{"name":"MASK","parent":"root","x":-270.11,"y":-26.42},{"name":"bone6","parent":"root","x":-178.92,"y":16.17},{"name":"bone7","parent":"root","x":147.26,"y":-71.55},{"name":"bone8","parent":"root","x":-30.97,"y":-67.66}],"slots":[{"name":"efWin","bone":"bone4","attachment":"efWin"},{"name":"1","bone":"bone","attachment":"1"},{"name":"2","bone":"bone2","attachment":"2"},{"name":"Light","bone":"bone5","attachment":"Light"},{"name":"Light2","bone":"bone6","attachment":"Light"},{"name":"Light3","bone":"bone7","attachment":"Light"},{"name":"Light4","bone":"bone8","attachment":"Light"},{"name":"MASK","bone":"MASK","attachment":"MASK"},{"name":"Blur","bone":"bone3","attachment":"Blur"}],"skins":{"default":{"1":{"1":{"width":430,"height":309}},"2":{"2":{"width":430,"height":309}},"Blur":{"Blur":{"x":-247.83,"y":-5.62,"width":178,"height":134}},"Light":{"Light":{"width":131,"height":120}},"Light2":{"Light":{"width":131,"height":120}},"Light3":{"Light":{"width":131,"height":120}},"Light4":{"Light":{"width":131,"height":120}},"MASK":{"MASK":{"type":"clipping","end":"MASK","vertexCount":166,"color":"ce3a3a00","vertices":[223.14,55.8,224.51,47.62,223.56,43.56,225.71,41.25,228.73,39.73,222.4,36.91,215.02,31.37,213.93,31.4,207.14,22.76,204.53,14.54,202.78,1.89,201.15,5.26,189.27,20.97,186.35,22.17,178.32,12.6,166.93,12.5,165.11,11.6,159.81,2.09,161.22,-0.88,163.77,-4.4,166.24,-4.53,160.49,-15.1,149.55,-14.67,143.35,-4.95,143.34,4.11,145.5,11.81,149.83,20.72,152.24,24.54,156.06,28.5,159.8,32.41,165.95,35.87,171.29,37.18,176.85,38.15,183.29,36.99,189.88,33.87,193.11,29.57,195.79,24.41,199.06,23.14,203.77,23.32,206.27,25.3,209.24,27.24,212.58,31.88,213.4,35.63,213.5,40.6,212.28,46.71,208.03,53.18,204.15,55.76,198.41,57.42,191.39,58.9,184.73,59.46,177.52,59.27,169.75,58.72,159.96,56.8,151.41,54.36,144.23,51.01,136.08,44.78,126.11,33.86,118.53,22.52,113.8,7.45,113.19,-5.53,116.85,-18.1,122.13,-26.14,128.52,-32.56,136.34,-35.38,147.52,-37.11,159.02,-38.05,181.38,-34.27,183.97,-32.18,194.98,-9.14,195.61,-5.5,201.35,-4.79,203.35,-3.77,204.08,-8.81,203.78,-14.19,207.52,-23,212.81,-29.79,215.58,-29.95,221.66,-34.39,228.71,-38.33,232.33,-40.06,242.43,-41.19,250.18,-39.87,258.97,-36.43,264.33,-33.39,268.96,-29.8,271.25,-28.75,275.56,-22.92,279.37,-15.51,279.41,-12.71,279.12,-9.87,280.53,-3.22,280.77,5.65,280.39,11.64,278.23,18.68,291.37,21.38,292.34,17.5,295.9,13.57,289.02,8.18,284.28,-18.99,285.79,-24.24,293.71,-35.84,333.61,-36.21,347.13,-25.44,353.28,3.11,351.76,7.2,355.69,7.32,350.76,-21.45,360.48,-36.06,400.92,-35.84,414.68,-25.16,420.23,1.44,418.94,7.53,415.79,11.78,422.08,16.76,427.44,43.91,425.78,49.27,417.64,61.27,377.88,61.09,364.38,50.19,358.84,21.57,359.96,17.14,362.25,13.85,355.6,7.62,351.25,7.53,348.1,11.82,355.32,17.5,360.5,45.21,359.21,48.9,351.07,60.53,310.31,60.35,296.99,49.64,291.26,21.57,284.28,20.19,278.13,18.98,270.95,30.89,273.97,32.79,274.95,35.93,283.86,45.39,282.77,45.92,275.24,45.36,273.26,45.57,272.89,48.01,274.89,54.7,273.53,55.16,268.71,51.3,266.01,49.47,262.27,49.3,259.9,52.92,258.31,57.31,257.39,62.79,257.07,67.04,256.17,67.92,254.59,67.74,251.75,63.13,249.53,60.32,246.15,57.57,243.31,55.89,240.63,57.35,238.14,59.44,236.21,61.08,234.72,63.19,233.22,62.86,231.42,57.75,229.72,55.6,227.44,55.61,224.18,57.21]}},"efWin":{"efWin":{"width":462,"height":447}}}},"animations":{"animation":{"slots":{"2":{"color":[{"time":0,"color":"ffffff00","curve":"stepped"},{"time":1,"color":"ffffff00"},{"time":1.3333,"color":"ffffffff"},{"time":1.6667,"color":"ffffff00"}]},"Light":{"color":[{"time":0,"color":"ffffffab"},{"time":0.3667,"color":"ffffffff"}]},"Light2":{"color":[{"time":0.5667,"color":"ffffffab"},{"time":0.9333,"color":"ffffffff"}]},"Light3":{"color":[{"time":1.3,"color":"ffffffab"},{"time":1.6667,"color":"ffffffff"}]},"Light4":{"color":[{"time":1.9,"color":"ffffffab"},{"time":2.2667,"color":"ffffffff"}]}},"bones":{"bone4":{"rotate":[{"time":0,"angle":0},{"time":3,"angle":90.3}],"scale":[{"time":0,"x":0.6,"y":0.6},{"time":0.5,"x":1,"y":1},{"time":0.9333,"x":0.8,"y":0.8},{"time":1.3333,"x":1,"y":1},{"time":1.9,"x":0.8,"y":0.8},{"time":2.5,"x":1,"y":1},{"time":3,"x":0.6,"y":0.6}]},"bone5":{"rotate":[{"time":0,"angle":0},{"time":0.7667,"angle":96}],"scale":[{"time":0,"x":0,"y":0},{"time":0.3667,"x":1.1,"y":1.1},{"time":0.7667,"x":0,"y":0}]},"bone3":{"translate":[{"time":0.6333,"x":0,"y":0},{"time":1.3667,"x":504.79,"y":0}]},"bone6":{"rotate":[{"time":0.5667,"angle":0},{"time":1.3333,"angle":96}],"scale":[{"time":0,"x":0,"y":0,"curve":"stepped"},{"time":0.5667,"x":0,"y":0},{"time":0.9333,"x":1.1,"y":1.1},{"time":1.3333,"x":0,"y":0}]},"bone7":{"rotate":[{"time":1.3,"angle":0},{"time":2.0667,"angle":96}],"scale":[{"time":0,"x":0,"y":0,"curve":"stepped"},{"time":1.3,"x":0,"y":0},{"time":1.6667,"x":1.1,"y":1.1},{"time":2.0667,"x":0,"y":0}]},"bone8":{"rotate":[{"time":1.9,"angle":0},{"time":2.6667,"angle":96}],"scale":[{"time":0,"x":0,"y":0,"curve":"stepped"},{"time":1.9,"x":0,"y":0},{"time":2.2667,"x":1.1,"y":1.1},{"time":2.6667,"x":0,"y":0}]}}}}},[0]]],0,0,[0],[-1],[0]]